Workbook

Sheet Cennik
A1: Cennik frontów giętych – stawki za m² (powierzchnia rozwinięta po licu zewnętrznym)
A2: Niebieskie = dane wejściowe (do edycji). Żółte = cena jeszcze nieustalona – wpisz stawkę, reszta arkusza przeliczy się sama.
A4: Materiał | B4: Gładki (FG) [zł/m²] | C4: Ryflowany [zł/m²] | D4: FR07 [zł/m²] | E4: FR08 [zł/m²] | F4: Uwagi
A5: Lakierowane | B5: 2000 | C5: 2600 | D5: 2750 | E5: 2750 | F5: Stawki podane przez klienta (Jakub, wrzesień 2026).
A6: Fornirowane | F6: Do ustalenia z szefem (gładki / ryflowany / FR07–FR08).
A7: Laminat | C7: n/d | D7: n/d | E7: n/d | F7: Tylko gładki. Do ustalenia. Jedyny materiał przy H > 2780 mm.
A10: Dopłaty i progi
A11: Parametr | B11: Wartość | F11: Uwagi
A12: Próg wysokości H [mm] | B12: 2780 | F12: Powyżej progu: tylko laminat gładki + dopłata.
A13: Dopłata H > próg | B13: 0.3 | F13: Podane przez klienta.
A14: Dopłata za bryłę (front + środek) | B14: 0.25 | F14: Podane przez klienta.
A15: Łączenie dopłat | B15: mnożone | F15: Do potwierdzenia: mnożone (×1,30×1,25 = +62,5%) czy dodawane (+55%).

Sheet Ceny m2
A1: Stawka za m² dla każdego ryflowania i materiału (liczona z arkusza Cennik)
A2: Pusta komórka = cena do ustalenia. „n/d” = połączenie niedostępne (laminat tylko gładki).
A4: Kod | B4: Ryflowanie | C4: Lakierowane [zł/m²] | D4: Fornirowane [zł/m²] | E4: Laminat [zł/m²]
A5: FG | B5: Gładki | C5: =IF(Cennik!$B$5="","",Cennik!$B$5) -> 2000 | D5: =IF(Cennik!$B$6="","",Cennik!$B$6) | E5: =IF(Cennik!$B$7="","",Cennik!$B$7)
A6: FR01 | B6: Wpust 15 | C6: =IF(Cennik!$C$5="","",Cennik!$C$5) -> 2600 | D6: =IF(Cennik!$C$6="","",Cennik!$C$6) | E6: n/d
A7: FR02 | B7: Klin 15 | C7: =IF(Cennik!$C$5="","",Cennik!$C$5) -> 2600 | D7: =IF(Cennik!$C$6="","",Cennik!$C$6) | E7: n/d
A8: FR03 | B8: Fala 18 | C8: =IF(Cennik!$C$5="","",Cennik!$C$5) -> 2600 | D8: =IF(Cennik!$C$6="","",Cennik!$C$6) | E8: n/d
A9: FR04 | B9: Fala 12 | C9: =IF(Cennik!$C$5="","",Cennik!$C$5) -> 2600 | D9: =IF(Cennik!$C$6="","",Cennik!$C$6) | E9: n/d
A10: FR05 | B10: Wałek 19 | C10: =IF(Cennik!$C$5="","",Cennik!$C$5) -> 2600 | D10: =IF(Cennik!$C$6="","",Cennik!$C$6) | E10: n/d
A11: FR06 | B11: Wałek 25 | C11: =IF(Cennik!$C$5="","",Cennik!$C$5) -> 2600 | D11: =IF(Cennik!$C$6="","",Cennik!$C$6) | E11: n/d
A12: FR07 | B12: Wałek 9 | C12: =IF(IF(Cennik!$D$5="",Cennik!$C$5,Cennik!$D$5)="","",IF(Cennik!$D$5="",Cennik!$C$5,Cennik!$D$5)) -> 2750 | D12: =IF(IF(Cennik!$D$6="",Cennik!$C$6,Cennik!$D$6)="","",IF(Cennik!$D$6="",Cennik!$C$6,Cennik!$D$6)) | E12: n/d
A13: FR08 | B13: Wpust 20 | C13: =IF(IF(Cennik!$E$5="",Cennik!$C$5,Cennik!$E$5)="","",IF(Cennik!$E$5="",Cennik!$C$5,Cennik!$E$5)) -> 2750 | D13: =IF(IF(Cennik!$E$6="",Cennik!$C$6,Cennik!$E$6)="","",IF(Cennik!$E$6="",Cennik!$C$6,Cennik!$E$6)) | E13: n/d
A14: FR09 | B14: Rowek 6 | C14: =IF(Cennik!$C$5="","",Cennik!$C$5) -> 2600 | D14: =IF(Cennik!$C$6="","",Cennik!$C$6) | E14: n/d
A15: FR10 | B15: Rowek 3 | C15: =IF(Cennik!$C$5="","",Cennik!$C$5) -> 2600 | D15: =IF(Cennik!$C$6="","",Cennik!$C$6) | E15: n/d
A16: FR11 | B16: Wpust 10 | C16: =IF(Cennik!$C$5="","",Cennik!$C$5) -> 2600 | D16: =IF(Cennik!$C$6="","",Cennik!$C$6) | E16: n/d
A17: FR12 | B17: Fala 10 | C17: =IF(Cennik!$C$5="","",Cennik!$C$5) -> 2600 | D17: =IF(Cennik!$C$6="","",Cennik!$C$6) | E17: n/d
A18: FR13 | B18: Klin 10 | C18: =IF(Cennik!$C$5="","",Cennik!$C$5) -> 2600 | D18: =IF(Cennik!$C$6="","",Cennik!$C$6) | E18: n/d

Sheet Opcje
A1: Możliwości konfiguracji (katalog 2026 + ustalenia)
A3: Typy frontów
A4: Typ | B4: Kształt | C4: Promień R [mm] | D4: Wymiary | E4: Kod katalogowy
A5: Narożne | B5: Łuk 90° | C5: 50–600 co 50 | D5: Przedłużenia lewe/prawe: 0 lub 10–50 mm (0 i 0 → N0, jedno → N1, oba → N2) | E5: FGN-N0/N1/N2-R###
A6: Przedłużane | B6: Łuk 90° + prosty odcinek | C6: 50–600 co 50 | D6: L = od lica łuku do końca: R+50 … 700 mm | E6: FGP-R###-L###
A7: Obustronne | B7: Dwa łuki 90° | C7: 100 (stały) | D7: W = 600 / 700 / 800 mm; boki Z: brak lub R+10 … 200 mm | E7: FGO-R100-W### (z bokami Z: FGOP-R100-W###-Z###)
A8: W łuk | B8: Półokrąg 180° | C8: 200–350 co 50 | D8: — | E8: EGL-R###
A10: Wymiary ogólne
A11: Parametr | B11: Zakres | C11: Uwagi
A12: Grubość | B12: 18 mm | C12: Wszystkie fronty
A13: Wysokość H | B13: 100–3200 mm | C13: Powyżej 2780 mm tylko laminat gładki + dopłata 30%
A14: Powierzchnia do wyceny | B14: m² = (długość łuku po licu zewn. + przedłużenia) × H | C14: Klient nie widzi m² ani cen
A16: Materiały
A17: Materiał | B17: Ryflowanie | C17: Kolor | D17: Ograniczenia
A18: Laminat | B18: Tylko gładki (FG) | C18: Opcjonalny (dekor) | D18: Jedyny materiał przy H > 2780 mm
A19: Fornirowane | B19: Wszystkie FG, FR01–FR13 | C19: Opcjonalny (np. dąb, bejca) | D19: —
A20: Lakierowane | B20: Wszystkie FG, FR01–FR13 | C20: Wymagany (RAL / NCS) | D20: —
A22: Ryflowania
A23: Kod | B23: Nazwa | C23: Profil
A24: FG | B24: Gładki | C24: gładki
A25: FR01 | B25: Wpust 15 | C25: frez w licu
A26: FR02 | B26: Klin 15 | C26: frez w licu
A27: FR03 | B27: Fala 18 | C27: frez w licu
A28: FR04 | B28: Fala 12 | C28: frez w licu
A29: FR05 | B29: Wałek 19 | C29: frez w licu
A30: FR06 | B30: Wałek 25 | C30: frez w licu
A31: FR07 | B31: Wałek 9 | C31: frez w licu
A32: FR08 | B32: Wpust 20 | C32: frez w licu
A33: FR09 | B33: Rowek 6 | C33: frez w licu
A34: FR10 | B34: Rowek 3 | C34: frez w licu
... A37: FR13 | B37: Klin 10 | C37: frez w licu
A39: Dodatki
A40: Opcja | B40: Dopłata | C40: Uwagi
A41: Bryła (front + środek) | B41: +25% | C41: Dostępna dla wszystkich typów (checkbox)
A42: H > 2780 mm | B42: +30% | C42: Wymusza laminat gładki

Sheet Kalkulator
A1: Kalkulator wyceny jednej pozycji
A2: Wpisz / wybierz wartości w niebieskich komórkach (kolumna B). Przykład poniżej: narożny R300, H 720, przedłużenia 30/40, lakier FR07, bryła, 2 szt.
A4: Dane wejściowe | B4: Wartość | C4: Zakres / uwagi
A5: Typ | B5: Narożne | C5: Narożne / Przedłużane / Obustronne / W łuk
A6: Promień R [mm] | B6: 300 | C6: Narożne/Przedłużane 50–600, Obustronne 100, W łuk 200–350
A7: Wysokość H [mm] | B7: 720 | C7: 100–3200
A8: Przedłużenie lewe [mm] | B8: 30 | C8: Tylko narożne: 0 lub 10–50
A9: Przedłużenie prawe [mm] | B9: 40 | C9: Tylko narożne: 0 lub 10–50
A10: Wymiar L [mm] | B10: 700 | C10: Tylko przedłużane: R+50 … 700
A11: Szerokość W [mm] | B11: 600 | C11: Tylko obustronne: 600 / 700 / 800
A12: Boki Z [mm] (0 = brak) | B12: 0 | C12: Tylko obustronne: 0 lub R+10 … 200
A13: Materiał | B13: Lakierowane | C13: Laminat / Fornirowane / Lakierowane
A14: Ryflowanie | B14: FR07 | C14: FG, FR01–FR13 (laminat zawsze FG)
A15: Bryła (TAK/NIE) | B15: TAK | C15: +25%
A16: Ilość [szt.] | B16: 2
A18: Wynik | B18: Wartość | C18: Jak liczone
A19: Łuki po licu zewn. [mm] | B19: =IF(B5="W łuk",PI()*B6,IF(B5="Obustronne",PI()*B6,PI()*B6/2)) -> 471.2389 | C19: Narożne/Przedłużane: ¼ okręgu; Obustronne: 2 × ¼; W łuk: ½
A20: Odcinki proste [mm] | B20: =IF(B5="Narożne",B8+B9,IF(B5="Przedłużane",B10-B6,IF(B5="Obustronne",(B11-2*B6)+IF(B12>0,2*(B12-B6),0),0))) -> 70 | C20: Przedłużenia / L−R / W−2R + boki
A21: Rozwinięcie [mm] | B21: =B19+B20 -> 541.2389
A22: Powierzchnia 1 szt. [m²] | B22: =B21*B7/1000000 -> 0.38969201 | C22: Rozwinięcie × H
A23: Ryflowanie do wyceny | B23: =IF(B13="Laminat","FG",B14) -> FR07 | C23: Laminat zawsze gładki
A24: Stawka bazowa [zł/m²] | B24: =IFERROR(INDEX('Ceny m2'!$C$5:$E$18,MATCH(B23,'Ceny m2'!$A$5:$A$18,0),MATCH(B13,{"Lakierowane","Fornirowane","Laminat"},0)),"") -> 2750 | C24: Z arkusza Ceny m2
A25: Mnożnik H > próg | B25: =IF(B7>Cennik!$B$12,1+Cennik!$B$13,1) -> 1
A26: Mnożnik bryła | B26: =IF(B15="TAK",1+Cennik!$B$14,1) -> 1.25
A27: Stawka końcowa [zł/m²] | B27: =IF(OR(B24="",B24="n/d"),"do ustalenia",B24*B25*B26) -> 3437.5 | C27: Dopłaty mnożone
A28: Cena 1 szt. | B28: =IF(ISNUMBER(B27),ROUND(B22*B27,0),"do ustalenia") -> 1340 | C28: Zaokrąglona do zł
A29: Cena pozycji | B29: =IF(ISNUMBER(B28),B28*B16,"do ustalenia") -> 2680 | C29: × ilość
A30: Uwagi | B30: =IF(AND(B7>Cennik!$B$12,B13<>"Laminat"),"Przy H > "&Cennik!$B$12&" mm dostępny tylko laminat gładki!",IF(AND(B5="Narożne",OR(AND(B8>0,OR(B8<10,B8>50)),AND(B9>0,OR(B9<10,B9>50)))),"Przedłużenie: 0 lub 10–50 mm",IF(OR(B7<100,B7>3200),"H poza zakresem 100–3200 mm","OK"))) -> OK | C30: Kontrola najważniejszych ograniczeń

Sheet Pytania do szefa
A1: Otwarte kwestie cenowe
A3: # | B3: Pytanie | C3: Odpowiedź (do uzupełnienia)
A4: 1 | B4: Fornir – ile za m²? Gładki / ryflowany? Czy FR07 i FR08 też droższe?
A5: 2 | B5: Laminat – ile za m² (tylko gładki)? To jedyny materiał przy H > 2780 mm.
A6: 3 | B6: Ceny 2000 / 2600 / 2750 zł to netto czy brutto?
A7: 4 | B7: H > 2780 i bryła jednocześnie: mnożymy (+62,5%, tak jest teraz) czy dodajemy (+55%)?
A8: 5 | B8: Bryła – co dokładnie obejmuje „środek”? Czy potrzebne dodatkowe wymiary od klienta? Czy +25% od m² frontu?
A9: 6 | B9: Czy przedłużenia 10–50 mm mają dopłatę poza m²?
A10: 7 | B10: Czy kolor lakieru (RAL / NCS / połysk / mat) zmienia cenę?
A11: 8 | B11: Minimalne zamówienie, transport, termin realizacji do odpowiedzi klientowi?
